-- phpMyAdmin SQL Dump
-- version 4.9.0.1
-- https://www.phpmyadmin.net/
--
-- Host: 127.0.0.1
-- Generation Time: Mar 13, 2020 at 03:58 AM
-- Server version: 10.3.15-MariaDB
-- PHP Version: 7.3.6

SET SQL_MODE = "NO_AUTO_VALUE_ON_ZERO";
SET AUTOCOMMIT = 0;
START TRANSACTION;
SET time_zone = "+00:00";


/*!40101 SET @OLD_CHARACTER_SET_CLIENT=@@CHARACTER_SET_CLIENT */;
/*!40101 SET @OLD_CHARACTER_SET_RESULTS=@@CHARACTER_SET_RESULTS */;
/*!40101 SET @OLD_COLLATION_CONNECTION=@@COLLATION_CONNECTION */;
/*!40101 SET NAMES utf8mb4 */;

--
-- Database: `newsportal`
--

-- --------------------------------------------------------

--
-- Table structure for table `tbladmin`
--

CREATE TABLE `tbladmin` (
  `id` int(11) NOT NULL,
  `AdminUserName` varchar(255) NOT NULL,
  `AdminPassword` varchar(255) NOT NULL,
  `AdminEmailId` varchar(255) NOT NULL,
  `Is_Active` int(11) NOT NULL,
  `CreationDate` timestamp NOT NULL DEFAULT current_timestamp(),
  `UpdationDate` timestamp NULL DEFAULT '0000-00-00 00:00:00' ON UPDATE current_timestamp()
) ENGINE=InnoDB DEFAULT CHARSET=latin1;

--
-- Dumping data for table `tbladmin`
--

INSERT INTO `tbladmin` (`id`, `AdminUserName`, `AdminPassword`, `AdminEmailId`, `Is_Active`, `CreationDate`, `UpdationDate`) VALUES
(1, 'admin', '$2y$12$i4LMfeFPQpGSNPTaccIkKuwxAkJ4PhBr3JND7FpXwWFjRvchQn17C', 'phpgurukulofficial@gmail.com', 1, '2018-05-27 17:51:00', '2018-10-24 18:21:07');

-- --------------------------------------------------------

--
-- Table structure for table `tblcategory`
--

CREATE TABLE `tblcategory` (
  `id` int(11) NOT NULL,
  `CategoryName` varchar(200) DEFAULT NULL,
  `Description` mediumtext DEFAULT NULL,
  `PostingDate` timestamp NULL DEFAULT current_timestamp(),
  `UpdationDate` timestamp NULL DEFAULT NULL,
  `Is_Active` int(1) DEFAULT NULL
) ENGINE=InnoDB DEFAULT CHARSET=latin1;

--
-- Dumping data for table `tblcategory`
--

INSERT INTO `tblcategory` (`id`, `CategoryName`, `Description`, `PostingDate`, `UpdationDate`, `Is_Active`) VALUES
(2, 'Bollywood', 'Bollywood News', '2018-06-06 10:28:09', '2018-06-30 18:41:07', 1),
(3, 'Sports', 'Related to sports news', '2018-06-06 10:35:09', '2018-06-14 11:11:55', 1),
(5, 'Entertainment', 'Entertainment related  News', '2018-06-14 05:32:58', '2018-06-14 05:33:41', 1),
(6, 'Politics', 'Politics', '2018-06-22 15:46:09', '0000-00-00 00:00:00', 1),
(7, 'Business', 'Business', '2018-06-22 15:46:22', '0000-00-00 00:00:00', 1);

-- --------------------------------------------------------

--
-- Table structure for table `tblcomments`
--

CREATE TABLE `tblcomments` (
  `id` int(11) NOT NULL,
  `postId` char(11) DEFAULT NULL,
  `name` varchar(120) DEFAULT NULL,
  `email` varchar(150) DEFAULT NULL,
  `comment` mediumtext DEFAULT NULL,
  `postingDate` timestamp NULL DEFAULT current_timestamp(),
  `status` int(1) DEFAULT NULL
) ENGINE=InnoDB DEFAULT CHARSET=latin1;

--
-- Dumping data for table `tblcomments`
--

INSERT INTO `tblcomments` (`id`, `postId`, `name`, `email`, `comment`, `postingDate`, `status`) VALUES
(1, '12', 'Anuj', 'anuj@gmail.com', 'Cras sit amet nibh libero, in gravida nulla. Nulla vel metus scelerisque ante sollicitudin. Cras purus odio, vestibulum in vulputate at, tempus viverra turpis.', '2018-11-21 11:06:22', 0),
(2, '12', 'Test user', 'test@gmail.com', 'This is sample text for testing.', '2018-11-21 11:25:56', 1),
(3, '7', 'ABC', 'abc@test.com', 'This is sample text for testing.', '2018-11-21 11:27:06', 1);

-- --------------------------------------------------------

--
-- Table structure for table `tblpages`
--

CREATE TABLE `tblpages` (
  `id` int(11) NOT NULL,
  `PageName` varchar(200) DEFAULT NULL,
  `PageTitle` mediumtext DEFAULT NULL,
  `Description` longtext DEFAULT NULL,
  `PostingDate` timestamp NULL DEFAULT current_timestamp(),
  `UpdationDate` timestamp NULL DEFAULT NULL ON UPDATE current_timestamp()
) ENGINE=InnoDB DEFAULT CHARSET=latin1;

--
-- Dumping data for table `tblpages`
--

INSERT INTO `tblpages` (`id`, `PageName`, `PageTitle`, `Description`, `PostingDate`, `UpdationDate`) VALUES
(1, 'aboutus', 'About News Portal', '<font color=\"#7b8898\" face=\"Mercury SSm A, Mercury SSm B, Georgia, Times, Times New Roman, Microsoft YaHei New, Microsoft Yahei, å¾®è½¯é›…é»‘, å®‹ä½“, SimSun, STXihei, åŽæ–‡ç»†é»‘, serif\"><span style=\"font-size: 26px;\">This News portal provides the latest and current news related to the different catogeries like bollywood,Tech News , Political News etc</span></font><br>', '2018-06-30 18:01:03', '2020-03-12 06:11:21'),
(2, 'contactus', 'Contact Details', '<p><br></p><p><b>Address :&nbsp; </b>Awasari Budruk India</p><p><b>Phone Number : </b>+91 -8408859813</p><p><b>Email -id : </b>tyit@gmail.com</p>', '2018-06-30 18:01:36', '2020-03-12 06:07:27');

-- --------------------------------------------------------

--
-- Table structure for table `tblposts`
--

CREATE TABLE `tblposts` (
  `id` int(11) NOT NULL,
  `PostTitle` longtext DEFAULT NULL,
  `CategoryId` int(11) DEFAULT NULL,
  `SubCategoryId` int(11) DEFAULT NULL,
  `PostDetails` longtext CHARACTER SET utf8 DEFAULT NULL,
  `PostingDate` timestamp NULL DEFAULT current_timestamp(),
  `UpdationDate` timestamp NULL DEFAULT NULL ON UPDATE current_timestamp(),
  `Is_Active` int(1) DEFAULT NULL,
  `PostUrl` mediumtext DEFAULT NULL,
  `PostImage` varchar(255) DEFAULT NULL
) ENGINE=InnoDB DEFAULT CHARSET=latin1;

--
-- Dumping data for table `tblposts`
--

INSERT INTO `tblposts` (`id`, `PostTitle`, `CategoryId`, `SubCategoryId`, `PostDetails`, `PostingDate`, `UpdationDate`, `Is_Active`, `PostUrl`, `PostImage`) VALUES
(10, 'Tata Steel, Thyssenkrupp Finalise Landmark Steel Deal', 7, 9, '<h1 style=\"box-sizing: inherit; margin-top: 0px; padding: 0px; font-family: Roboto, sans-serif; font-size: 38px; line-height: normal; letter-spacing: -0.5px; color: rgb(51, 51, 51);\"><span itemprop=\"headline\" style=\"box-sizing: inherit;\">Tata Steel, Thyssenkrupp Finalise Landmark Steel Deal</span>Tata Steel, Thyssenkrupp Finalise Landmark Steel DealTata Steel, Thyssenkrupp Finalise Landmark Steel DealTata Steel, Thyssenkrupp Finalise Landmark Steel DealTata Steel, Thyssenkrupp Finalise Landmark Steel Deal</h1>', '2018-06-30 19:08:56', '2018-08-28 15:59:59', 1, 'Tata-Steel,-Thyssenkrupp-Finalise-Landmark-Steel-Deal', '505e59c459d38ce4e740e3c9f5c6caf7.jpg'),
(11, 'Delhi Violence: Opposition slams Shah; BJP says riots were pre-planned, blames anti-CAA protests', 6, 8, '<p>NEW DELHI: Coming down heavily on the Centre over \"failure\" to contain violence in Delhi, the opposition in Lok Sabha on Wednesday demanded the resignation of Home Minister Amit Shah, but the BJP alleged a conspiracy behind the riots and sought to blame anti-CAA protests for the situation.\r\n\r\nAs the House discussed the recent communal riots in the national capital that have claimed 52 lives, ruling and opposition members traded charges over alleged hate speeches by leaders before the outbreak of violence.\r\n\r\n</p', '2020-03-11 07:00:00', '2020-03-11 07:00:00', 1, 'UNs-Jean-Pierre-Lacroix-thanks-India-for-contribution-to-peacekeeping', '27095ab35ac9b89abb8f32ad3adef56a.jpg'),
(13, 'Tanhaji Box Office: Check Out How Much Profit Ajay Devgn’s Film Has Made Till Now!', 5, 3, '<p>Tanhaji Box Office: Ajay Devgn’s Tanhaji: The Unsung Warrior is the only release of 2020, which has been able to pull off wonders in the number game. It did the same magic, which Uri: The Surgical Strike did in January 2019. Despite its high budget, the period drama has successfully gained huge profits.\r\n\r\nReleased on 10th January, Tanhaji: The Unsung Warrior has been there in theatres for almost 2 months now. And despite its digital release, the film still running with the odd number of shows slated at major multiplexes. As per the latest update, the film has earned 279.50 crores and in front of its budget of 125 crores. Till now, it has accumulated an ROI of 154.50 crores, which is equivalent to 123.60% profit.\r\n</p>', '2020-03-12 06:37:01', '2020-03-12 16:01:35', 1, 'Bollywood Masala', 'https://static-koimoi.akamaized.net/wp-content/new-galleries/2020/02/tanhaji-the-unsung-warrior-movie-review-1.jpg');

-- --------------------------------------------------------

--
-- Table structure for table `tblsubcategory`
--

CREATE TABLE `tblsubcategory` (
  `SubCategoryId` int(11) NOT NULL,
  `CategoryId` int(11) DEFAULT NULL,
  `Subcategory` varchar(255) DEFAULT NULL,
  `SubCatDescription` mediumtext DEFAULT NULL,
  `PostingDate` timestamp NOT NULL DEFAULT current_timestamp(),
  `UpdationDate` timestamp NULL DEFAULT NULL,
  `Is_Active` int(1) DEFAULT NULL
) ENGINE=InnoDB DEFAULT CHARSET=latin1;

--
-- Dumping data for table `tblsubcategory`
--

INSERT INTO `tblsubcategory` (`SubCategoryId`, `CategoryId`, `Subcategory`, `SubCatDescription`, `PostingDate`, `UpdationDate`, `Is_Active`) VALUES
(3, 5, 'Bollywood ', 'Bollywood masala', '2018-06-22 15:45:38', '0000-00-00 00:00:00', 1),
(4, 3, 'Cricket', 'Cricket\r\n\r\n', '2018-06-30 09:00:43', '0000-00-00 00:00:00', 1),
(5, 3, 'Football', 'Football', '2018-06-30 09:00:58', '0000-00-00 00:00:00', 1),
(6, 5, 'Television', 'TeleVision', '2018-06-30 18:59:22', '0000-00-00 00:00:00', 1),
(7, 6, 'National', 'National', '2018-06-30 19:04:29', '0000-00-00 00:00:00', 1),
(8, 6, 'International', 'International', '2018-06-30 19:04:43', '0000-00-00 00:00:00', 1),
(9, 7, 'India', 'India', '2018-06-30 19:08:42', '0000-00-00 00:00:00', 1);

--
-- Indexes for dumped tables
--

--
-- Indexes for table `tbladmin`
--
ALTER TABLE `tbladmin`
  ADD PRIMARY KEY (`id`);

--
-- Indexes for table `tblcategory`
--
ALTER TABLE `tblcategory`
  ADD PRIMARY KEY (`id`);

--
-- Indexes for table `tblcomments`
--
ALTER TABLE `tblcomments`
  ADD PRIMARY KEY (`id`);

--
-- Indexes for table `tblpages`
--
ALTER TABLE `tblpages`
  ADD PRIMARY KEY (`id`);

--
-- Indexes for table `tblposts`
--
ALTER TABLE `tblposts`
  ADD PRIMARY KEY (`id`);

--
-- Indexes for table `tblsubcategory`
--
ALTER TABLE `tblsubcategory`
  ADD PRIMARY KEY (`SubCategoryId`);

--
-- AUTO_INCREMENT for dumped tables
--

--
-- AUTO_INCREMENT for table `tbladmin`
--
ALTER TABLE `tbladmin`
  MODIFY `id` int(11) NOT NULL AUTO_INCREMENT, AUTO_INCREMENT=2;

--
-- AUTO_INCREMENT for table `tblcategory`
--
ALTER TABLE `tblcategory`
  MODIFY `id` int(11) NOT NULL AUTO_INCREMENT, AUTO_INCREMENT=8;

--
-- AUTO_INCREMENT for table `tblcomments`
--
ALTER TABLE `tblcomments`
  MODIFY `id` int(11) NOT NULL AUTO_INCREMENT, AUTO_INCREMENT=4;

--
-- AUTO_INCREMENT for table `tblpages`
--
ALTER TABLE `tblpages`
  MODIFY `id` int(11) NOT NULL AUTO_INCREMENT, AUTO_INCREMENT=3;

--
-- AUTO_INCREMENT for table `tblposts`
--
ALTER TABLE `tblposts`
  MODIFY `id` int(11) NOT NULL AUTO_INCREMENT, AUTO_INCREMENT=14;

--
-- AUTO_INCREMENT for table `tblsubcategory`
--
ALTER TABLE `tblsubcategory`
  MODIFY `SubCategoryId` int(11) NOT NULL AUTO_INCREMENT, AUTO_INCREMENT=10;
COMMIT;

/*!40101 SET CHARACTER_SET_CLIENT=@OLD_CHARACTER_SET_CLIENT */;
/*!40101 SET CHARACTER_SET_RESULTS=@OLD_CHARACTER_SET_RESULTS */;
/*!40101 SET COLLATION_CONNECTION=@OLD_COLLATION_CONNECTION */;
